Tunnus;Nimi;Tietoa;Suure;Päävesistöalue nro;Kunta;Maakunta;Omistaja;Ylläpitoluokka;Havaintoverkko;Tarkistus;EnsimmainenHavainto;ViimeisinHavainto
01802;Jänisjoki,Ruskeakoski;Havaintopaikan tiedot ;SA;Jänisjoki, 01.021;Joensuu;Pohjois-Karjala;Ympäristöhallinto;;Valtakunnallinen;16.6.2013;1.3.1967;1.2.2026
03701;Hiitolanjoki,Juankoski;Havaintopaikan tiedot ;SA;Hiitolanjoki, 03.011;Rautjärvi;Etelä-Karjala;Ympäristöhallinto;;Valtakunnallinen;1.3.1991;1.3.1978;1.3.1991
04026;Sorsavesi-Sorsakoski;Havaintopaikan tiedot ;SA;Vuoksi, 04.261;Joroinen;Pohjois-Savo;Ympäristöhallinto;;Valtakunnallinen;16.6.2013;1.3.1946;1.2.2026
04114;Kuolimojär.Partakos+Kärnänko.;Havaintopaikan tiedot ;SA;Vuoksi, 04.141;Savitaipale;Etelä-Karjala;Ympäristöhallinto;;Valtakunnallinen;1.4.1980;1.3.1967;1.4.1980
04126;Kuvansinjoki,Osmanjärvi-L;Havaintopaikan tiedot ;SA;Vuoksi, 04.261;Joroinen;Pohjois-Savo;Ympäristöhallinto;;Valtakunnallinen;1.4.1980;1.3.1967;1.4.1980
04146;Valtimonjoki,Kuokkastenkoski;Havaintopaikan tiedot ;SA;Vuoksi, 04.461;Nurmes;Pohjois-Karjala;Ympäristöhallinto;;Valtakunnallinen;1.4.1980;1.3.1946;1.4.1980
04147;Saramonjoki,Roukkajankoski;Havaintopaikan tiedot ;SA;Vuoksi, 04.471;Nurmes;Pohjois-Karjala;Ympäristöhallinto;;Valtakunnallinen;1.4.1980;1.3.1963;1.4.1980
04154;Salahminjoki;Havaintopaikan tiedot ;SA;Vuoksi, 04.541;Vieremä;Pohjois-Savo;Ympäristöhallinto;;Valtakunnallinen;1.4.1980;1.3.1967;1.4.1980
04158;Sonkajärvi,Aittokoski;Havaintopaikan tiedot ;SA;Vuoksi, 04.583;Sonkajärvi;Pohjois-Savo;Ympäristöhallinto;;Valtakunnallinen;1.4.1980;1.3.1967;1.4.1980
04164;Korpijärvi-Luusua;Havaintopaikan tiedot ;SA;Vuoksi, 04.641;Lapinlahti;Pohjois-Savo;Ympäristöhallinto;;Valtakunnallinen;16.6.2013;1.3.1946;1.2.2026
04166;Tiilikanjoki;Havaintopaikan tiedot ;SA;Vuoksi, 04.661;Lapinlahti;Pohjois-Savo;Ympäristöhallinto;;Valtakunnallinen;16.6.2013;16.12.1957;1.2.2026
04167;Keyritynjoki;Havaintopaikan tiedot ;SA;Vuoksi, 04.671;Kuopio;Pohjois-Savo;Ympäristöhallinto;;Valtakunnallinen;1.4.1980;1.3.1965;1.4.1980
04168;Alaluostanjärvi-Luusua;Havaintopaikan tiedot ;SA;Vuoksi, 04.681;Rautavaara;Pohjois-Savo;Ympäristöhallinto;;Valtakunnallinen;1.4.1980;1.3.1946;1.4.1980
04183;Höytiäinen,Rauanjoki;Havaintopaikan tiedot ;SA;Vuoksi, 04.831;Polvijärvi;Pohjois-Karjala;Ympäristöhallinto;;Valtakunnallinen;1.4.1980;1.3.1978;1.4.1980
04193;Koitajoki,Möhkö;Havaintopaikan tiedot ;SA;Vuoksi, 04.931;Ilomantsi;Pohjois-Karjala;Ympäristöhallinto;;Valtakunnallinen;1.4.1980;1.3.1965;1.4.1980
04411;Saimaa lähialueineen;Havaintopaikan tiedot ;SA;Vuoksi, 04.111;Imatra;Etelä-Karjala;Ympäristöhallinto;;Valtakunnallinen;16.6.2013;16.12.1950;1.2.2026
04462;Juankoski-Lastukoski;Havaintopaikan tiedot ;SA;Vuoksi, 04.621;Kuopio;Pohjois-Savo;Ympäristöhallinto;;Valtakunnallinen;16.6.2013;16.12.1958;1.2.2026
04727;Kallavesi-Konnus+Karvio;Havaintopaikan tiedot ;SA;Vuoksi, 04.271;Varkaus;Pohjois-Savo;Ympäristöhallinto;;Valtakunnallinen;16.6.2013;1.3.1946;1.2.2026
04749;Lieksanjoki,Ruunaa;Havaintopaikan tiedot ;SA;Vuoksi, 04.491;Lieksa;Pohjois-Karjala;Ympäristöhallinto;;Valtakunnallinen;1.4.1980;1.3.1946;1.4.1980
04751;Nerkoonjärvi-Nerkoonvirta;Havaintopaikan tiedot ;SA;Vuoksi, 04.511;Kuopio;Pohjois-Savo;Ympäristöhallinto;;Valtakunnallinen;1.4.1980;1.3.1946;1.4.1980
04791;Koitajoki,Siikakoski,Pamilo;Havaintopaikan tiedot ;SA;Vuoksi, 04.91;Joensuu;Pohjois-Karjala;Ympäristöhallinto;;Valtakunnallinen;16.6.2013;1.3.1946;1.2.2026
04811;Saimaa-Imatra;Havaintopaikan tiedot ;SA;Vuoksi, 04.111;Imatra;Etelä-Karjala;Ympäristöhallinto;;Valtakunnallinen;16.6.2013;1.3.1946;1.2.2026
04834;Pielisjoki,Jakokoski;Havaintopaikan tiedot ;SA;Vuoksi, 04.341;Kontiolahti;Pohjois-Karjala;Ympäristöhallinto;;Valtakunnallinen;16.6.2013;1.3.1946;1.2.2026
04841;Pielinen;Havaintopaikan tiedot ;SA;Vuoksi, 04.411;Joensuu;Pohjois-Karjala;Ympäristöhallinto;;Valtakunnallinen;16.6.2013;16.12.1950;1.2.2026
04842;Lieksanjoki,Höpöttäjänvirta;Havaintopaikan tiedot ;SA;Vuoksi, 04.421;Lieksa;Pohjois-Karjala;Ympäristöhallinto;;Valtakunnallinen;1.4.1980;1.3.1946;1.4.1980
04843;Jongunjoki,Viitakoski;Havaintopaikan tiedot ;SA;Vuoksi, 04.431;Lieksa;Pohjois-Karjala;Ympäristöhallinto;;Valtakunnallinen;1.4.1980;1.3.1965;1.4.1980
04851;Onkivesi-Viannonkoski;Havaintopaikan tiedot ;SA;Vuoksi, 04.511;Kuopio;Pohjois-Savo;Ympäristöhallinto;;Valtakunnallinen;16.6.2013;1.3.1946;1.2.2026
04862;Vuotjärvi-Juankoski;Havaintopaikan tiedot ;SA;Vuoksi, 04.621;Kuopio;Pohjois-Savo;Ympäristöhallinto;;Valtakunnallinen;16.6.2013;1.3.1946;1.2.2026
04863;Syväri-Lastukoski;Havaintopaikan tiedot ;SA;Vuoksi, 04.631;Kuopio;Pohjois-Savo;Ympäristöhallinto;;Valtakunnallinen;16.6.2013;1.3.1946;1.2.2026
04871;Juojärvi-Palokki;Havaintopaikan tiedot ;SA;Vuoksi, 04.711;Heinävesi;Pohjois-Karjala;Ympäristöhallinto;;Valtakunnallinen;1.4.1980;1.3.1946;1.4.1980
04882;Höytiäinen-Puntarikoski;Havaintopaikan tiedot ;SA;Vuoksi, 04.821;Kontiolahti;Pohjois-Karjala;Ympäristöhallinto;;Valtakunnallinen;16.6.2013;1.3.1946;1.2.2026
04892;Koitajoki,Lylykoski;Havaintopaikan tiedot ;SA;Vuoksi, 04.921;Ilomantsi;Pohjois-Karjala;Ympäristöhallinto;;Valtakunnallinen;16.6.2013;1.3.1946;1.2.2026
04894;Koitere-Hiiskoski;Havaintopaikan tiedot ;SA;Vuoksi, 04.941;Ilomantsi;Pohjois-Karjala;Ympäristöhallinto;;Valtakunnallinen;16.6.2013;1.3.1946;1.2.2026
04964;Atronkoski;Havaintopaikan tiedot ;SA;Vuoksi, 04.641;Lapinlahti;Pohjois-Savo;Ympäristöhallinto;;Valtakunnallinen;1.4.1980;1.3.1961;1.4.1980
11100;Virojoki,Salmensilta;Havaintopaikan tiedot ;SA;Virojoki, 11.001;Virolahti;Kymenlaakso;Ympäristöhallinto;;Valtakunnallinen;1.4.1980;1.3.1965;1.4.1980
14049;Elämänjärvi;Havaintopaikan tiedot ;SA;Kymijoki, 14.491;Pihtipudas;Keski-Suomi;Ympäristöhallinto;;Valtakunnallinen;1.4.1980;1.3.1967;1.4.1980
14129;Jyväsjoki;Havaintopaikan tiedot ;SA;Kymijoki, 14.291;Jyväskylä;Keski-Suomi;Ympäristöhallinto;;Valtakunnallinen;16.6.2013;16.12.1950;1.2.2026
14235;Saarij+Viitasaar+Rautalammin r.;Havaintopaikan tiedot ;SA;Kymijoki, 14.351;Äänekoski;Keski-Suomi;Ympäristöhallinto;;Valtakunnallinen;16.6.2013;16.12.1950;1.2.2026
14311;Pernoo-Kalkkinen;Havaintopaikan tiedot ;SA;Kymijoki, 14.112;Kouvola;Kymenlaakso;Ympäristöhallinto;;Valtakunnallinen;16.6.2013;1.11.1960;1.2.2026
14321;Päijänne lähialueineen;Havaintopaikan tiedot ;SA;Kymijoki, 14.211;Asikkala;Päijät-Häme;Ympäristöhallinto;;Valtakunnallinen;16.6.2013;16.1.1958;1.2.2026
14711;Kymijoki,Keltti;Havaintopaikan tiedot ;SA;Kymijoki, 14.11;Pyhtää;Kymenlaakso;Ympäristöhallinto;;Valtakunnallinen;1.4.1980;1.3.1946;1.4.1980
14712;Arrajärvi-Kaurakoski;Havaintopaikan tiedot ;SA;Kymijoki, 14.121;Kouvola;Kymenlaakso;Ympäristöhallinto;;Valtakunnallinen;1.4.1980;1.3.1946;1.4.1980
14718;Paaskoski,Jyräänkoski;Havaintopaikan tiedot ;SA;Kymijoki, 14.182;Kouvola;Kymenlaakso;Ympäristöhallinto;;Valtakunnallinen;16.6.2013;1.3.1963;1.2.2026
14733;Kuhnamojärvi-Kapeekoski;Havaintopaikan tiedot ;SA;Kymijoki, 14.331;Laukaa;Keski-Suomi;Ympäristöhallinto;;Valtakunnallinen;1.4.1980;1.3.1946;1.4.1980
14735;Kynsivesi-Simunankoski;Havaintopaikan tiedot ;SA;Kymijoki, 14.351;Laukaa;Keski-Suomi;Ympäristöhallinto;;Valtakunnallinen;1.4.1980;1.3.1946;1.4.1980
14744;Kivijär.-Potmonkos.+Kämärinjo;Havaintopaikan tiedot ;SA;Kymijoki, 14.441;Viitasaari;Keski-Suomi;Ympäristöhallinto;;Valtakunnallinen;1.4.1980;1.3.1946;1.4.1980
14751;Jämsänjoki-Patalankoski;Havaintopaikan tiedot ;SA;Kymijoki, 14.511;Jämsä;Keski-Suomi;Ympäristöhallinto;;Valtakunnallinen;1.4.1980;1.3.1946;1.4.1980
14761;Saarijärvi-Roikolankoski;Havaintopaikan tiedot ;SA;Kymijoki, 14.611;Äänekoski;Keski-Suomi;Ympäristöhallinto;;Valtakunnallinen;1.4.1980;1.3.1946;1.4.1980
14762;Kalmarinjärvi-Kalmukoski;Havaintopaikan tiedot ;SA;Kymijoki, 14.621;Saarijärvi;Keski-Suomi;Ympäristöhallinto;;Valtakunnallinen;1.4.1980;1.3.1946;1.4.1980
14781;Joutsjärvi-Ammalankoski;Havaintopaikan tiedot ;SA;Kymijoki, 14.811;Sysmä;Päijät-Häme;Ympäristöhallinto;;Valtakunnallinen;1.4.1980;1.3.1946;1.4.1980
14791;Vuokkijärvi,Siikakoski;Havaintopaikan tiedot ;SA;Kymijoki, 14.911;Kouvola;Kymenlaakso;Ympäristöhallinto;;Valtakunnallinen;1.4.1980;1.3.1963;1.4.1980
14811;Pernoon haarapaikka;Havaintopaikan tiedot ;SA;Kymijoki, 14.11;Pyhtää;Kymenlaakso;Ympäristöhallinto;;Valtakunnallinen;16.6.2013;1.3.1946;1.2.2026
14813;Konnevesi-Vuolenkoski;Havaintopaikan tiedot ;SA;Kymijoki, 14.131;Iitti;Päijät-Häme;Ympäristöhallinto;;Valtakunnallinen;1.4.1980;1.3.1946;1.4.1980
14817;Ala-Rääveli-Sulkavankoski;Havaintopaikan tiedot ;SA;Kymijoki, 14.171;Heinola;Päijät-Häme;Ympäristöhallinto;;Valtakunnallinen;1.4.1980;1.3.1946;1.4.1980
14821;Päijänne-Kalkkinen;Havaintopaikan tiedot ;SA;Kymijoki, 14.211;Asikkala;Päijät-Häme;Ympäristöhallinto;;Valtakunnallinen;16.6.2013;1.3.1946;1.2.2026
14828;Muurajärvi,Muurakoski;Havaintopaikan tiedot ;SA;Kymijoki, 14.281;Muurame;Keski-Suomi;Ympäristöhallinto;;Valtakunnallinen;1.4.1980;1.3.1967;1.4.1980
14831;Leppävesi-Haapakoski;Havaintopaikan tiedot ;SA;Kymijoki, 14.311;Jyväskylä;Keski-Suomi;Ympäristöhallinto;;Valtakunnallinen;16.6.2013;1.3.1946;1.2.2026
14836;Vanginvesi-Kärkkäälänkoski;Havaintopaikan tiedot ;SA;Kymijoki, 14.361;Konnevesi;Keski-Suomi;Ympäristöhallinto;;Valtakunnallinen;1.4.1980;1.3.1946;1.4.1980
14841;Keitele-Äänekoski+Mämminkoski;Havaintopaikan tiedot ;SA;Kymijoki, 14.411;Äänekoski;Keski-Suomi;Ympäristöhallinto;;Valtakunnallinen;16.6.2013;1.3.1946;1.2.2026
14844;Vuosjärvi-Huopanankoski;Havaintopaikan tiedot ;SA;Kymijoki, 14.441;Viitasaari;Keski-Suomi;Ympäristöhallinto;;Valtakunnallinen;16.6.2013;1.3.1946;1.2.2026
14847;Kolimajärvi-Kellankoski;Havaintopaikan tiedot ;SA;Kymijoki, 14.471;Viitasaari;Keski-Suomi;Ympäristöhallinto;;Valtakunnallinen;16.6.2013;1.3.1946;1.2.2026
14852;Salosjärvi-Kalmavirta;Havaintopaikan tiedot ;SA;Kymijoki, 14.521;Jämsä;Keski-Suomi;Ympäristöhallinto;;Valtakunnallinen;1.4.1980;1.3.1946;1.4.1980
14853;Petäjävesi-Hankakoski;Havaintopaikan tiedot ;SA;Kymijoki, 14.531;Petäjävesi;Keski-Suomi;Ympäristöhallinto;;Valtakunnallinen;1.4.1980;1.3.1946;1.4.1980
14861;Kiimasjärvi-Kiimaskoski;Havaintopaikan tiedot ;SA;Kymijoki, 14.611;Äänekoski;Keski-Suomi;Ympäristöhallinto;;Valtakunnallinen;16.6.2013;1.3.1946;1.2.2026
14863;Pääjärvi-Kouheroisenkoski;Havaintopaikan tiedot ;SA;Kymijoki, 14.631;Saarijärvi;Keski-Suomi;Ympäristöhallinto;;Valtakunnallinen;1.4.1980;1.3.1946;1.4.1980
14871;Konnevesi-Siikakoski;Havaintopaikan tiedot ;SA;Kymijoki, 14.711;Konnevesi;Keski-Suomi;Ympäristöhallinto;;Valtakunnallinen;16.6.2013;1.3.1946;1.2.2026
14873;Nilakka,Äyskoski;Havaintopaikan tiedot ;SA;Kymijoki, 14.731;Tervo;Pohjois-Savo;Ympäristöhallinto;;Valtakunnallinen;1.4.1980;1.3.1961;1.4.1980
14875;Koivujoki;Havaintopaikan tiedot ;SA;Kymijoki, 14.751;Pielavesi;Pohjois-Savo;Ympäristöhallinto;;Valtakunnallinen;1.4.1980;1.3.1961;1.4.1980
14882;Jääsjärvi-Tainionvirta;Havaintopaikan tiedot ;SA;Kymijoki, 14.821;Hartola;Päijät-Häme;Ympäristöhallinto;;Valtakunnallinen;1.4.1980;1.3.1946;1.4.1980
14891;Puolakka+Jaala;Havaintopaikan tiedot ;SA;Kymijoki, 14.911;Kouvola;Kymenlaakso;Ympäristöhallinto;;Valtakunnallinen;16.6.2013;1.3.1946;1.2.2026
14892;Vahvajärvi-Ripatinkoski;Havaintopaikan tiedot ;SA;Kymijoki, 14.921;Hirvensalmi;Etelä-Savo;Ympäristöhallinto;;Valtakunnallinen;16.6.2013;1.3.1946;1.2.2026
14893;Rauhajärvi-Läsäkoski;Havaintopaikan tiedot ;SA;Kymijoki, 14.931;Kangasniemi;Etelä-Savo;Ympäristöhallinto;;Valtakunnallinen;1.4.1980;1.3.1946;1.4.1980
16000;Koskenkylänjoki,Pyhäjärvi-Lu;Havaintopaikan tiedot ;SA;Koskenkylänjoki, 16.001;Loviisa;Uusimaa;Ympäristöhallinto;;Valtakunnallinen;1.4.1980;1.3.1961;1.4.1980
18802;Porvoonjoki,Vakkola;Havaintopaikan tiedot ;SA;Porvoonjoki, 18.021;Porvoo;Uusimaa;Ympäristöhallinto;;Valtakunnallinen;16.6.2013;1.3.1965;1.2.2026
19100;Drägsby,Ridankoski;Havaintopaikan tiedot ;SA;Mustijoki, 19.001;Porvoo;Uusimaa;Ympäristöhallinto;;Valtakunnallinen;1.3.1991;1.3.1946;1.3.1991
19200;Vekkoski;Havaintopaikan tiedot ;SA;Mustijoki, 19.001;Porvoo;Uusimaa;Ympäristöhallinto;;Valtakunnallinen;1.4.1980;1.3.1961;1.4.1980
21103;Kytäjoki;Havaintopaikan tiedot ;SA;Vantaa, 21.031;Hyvinkää;Uusimaa;Ympäristöhallinto;;Valtakunnallinen;16.6.2013;16.12.1962;1.2.2026
21108;Tuusulanjoki;Havaintopaikan tiedot ;SA;Vantaa, 21.081;Vantaa;Uusimaa;Ympäristöhallinto;;Valtakunnallinen;16.6.2013;16.12.1962;1.2.2026
21701;Myllymäki;Havaintopaikan tiedot ;SA;Vantaa, 21.011;Helsinki;Uusimaa;Ympäristöhallinto;;Valtakunnallinen;1.4.1980;1.3.1961;1.4.1980
21709;Keravanjoki,Hanala;Havaintopaikan tiedot ;SA;Vantaa, 21.091;Helsinki;Uusimaa;Ympäristöhallinto;;Valtakunnallinen;1.4.1980;1.3.1963;1.4.1980
21801;Oulunkylä;Havaintopaikan tiedot ;SA;Vantaa, 21.011;Helsinki;Uusimaa;Ympäristöhallinto;;Valtakunnallinen;16.6.2013;1.3.1946;1.2.2026
22000;Huhmarjärvi,Palojärvenkoski;Havaintopaikan tiedot ;SA;Siuntionjoki, 22.008;Siuntio;Uusimaa;Ympäristöhallinto;;Valtakunnallinen;1.4.1980;1.3.1963;1.4.1980
22700;Tjusträsk-Siuntionkoski;Havaintopaikan tiedot ;SA;Siuntionjoki, 22.008;Siuntio;Uusimaa;Ympäristöhallinto;;Valtakunnallinen;1.4.1980;1.3.1969;1.4.1980
23802;Peltokoski;Havaintopaikan tiedot ;SA;Karjaanjoki, 23.021;Raasepori;Uusimaa;Ympäristöhallinto;;Valtakunnallinen;16.6.2013;1.3.1946;1.2.2026
23803;Hiidenvesi-Luusua;Havaintopaikan tiedot ;SA;Karjaanjoki, 23.031;Lohja;Uusimaa;Ympäristöhallinto;;Valtakunnallinen;1.4.1980;1.3.1969;1.4.1980
24701;Kiskonjoki,Koski;Havaintopaikan tiedot ;SA;Kiskonjoki + Perniönjoki, 24.011;Salo;Varsinais-Suomi;Ympäristöhallinto;;Valtakunnallinen;16.6.2013;1.3.1963;1.2.2026
25100;Kaukolankoski;Havaintopaikan tiedot ;SA;Uskelanjoki, 25.001;Salo;Varsinais-Suomi;Ympäristöhallinto;;Valtakunnallinen;1.4.1980;1.3.1969;1.4.1980
27802;Juvankoski;Havaintopaikan tiedot ;SA;Paimionjoki, 27.021;Lieto;Varsinais-Suomi;Ympäristöhallinto;;Valtakunnallinen;1.4.1980;1.3.1961;1.4.1980
28700;Hyppöistenkoski;Havaintopaikan tiedot ;SA;Aurajoki, 28.001;Turku;Varsinais-Suomi;Ympäristöhallinto;;Valtakunnallinen;1.4.1980;1.3.1961;1.4.1980
28800;Halistenkoski;Havaintopaikan tiedot ;SA;Aurajoki, 28.004;Turku;Varsinais-Suomi;Ympäristöhallinto;;Valtakunnallinen;16.6.2013;1.3.1946;1.2.2026
32100;Puttakoski;Havaintopaikan tiedot ;SA;Sirppujoki, 32.001;Uusikaupunki;Varsinais-Suomi;Ympäristöhallinto;;Valtakunnallinen;16.6.2013;1.3.1969;1.2.2026
33100;Lapinjoki,Ylinenkoski;Havaintopaikan tiedot ;SA;Lapinjoki, 33.001;Eurajoki;Satakunta;Ympäristöhallinto;;Valtakunnallinen;16.4.1992;1.3.1969;16.4.1992
34104;Yläneenjoki;Havaintopaikan tiedot ;SA;Eurajoki, 34.041;Pöytyä;Varsinais-Suomi;Ympäristöhallinto;;Valtakunnallinen;1.3.1991;16.11.1968;1.3.1991
34801;Suutelankoski;Havaintopaikan tiedot ;SA;Eurajoki, 34.011;Eurajoki;Satakunta;Ympäristöhallinto;;Valtakunnallinen;1.4.1980;1.3.1965;1.4.1980
34803;Kauttuankoski;Havaintopaikan tiedot ;SA;Eurajoki, 34.031;Eura;Satakunta;Ympäristöhallinto;;Valtakunnallinen;16.6.2013;16.12.1958;1.2.2026
35014;Leineperinkoski;Havaintopaikan tiedot ;SA;Kokemäenjoki, 35.141;Pori;Satakunta;Ympäristöhallinto;;Valtakunnallinen;16.6.2013;1.3.1969;1.2.2026
35083;Pääjärvi,Jokelankoski;Havaintopaikan tiedot ;SA;Kokemäenjoki, 35.833;Hollola;Päijät-Häme;Ympäristöhallinto;;Valtakunnallinen;16.6.2013;1.2.1980;1.2.2026
35189;Hyvikkälänjoki;Havaintopaikan tiedot ;SA;Kokemäenjoki, 35.891;Janakkala;Kanta-Häme;Ympäristöhallinto;;Valtakunnallinen;1.4.1980;1.3.1978;1.4.1980
35242;Ähtäri+Pihlajavesi+Keuruun r.;Havaintopaikan tiedot ;SA;Kokemäenjoki, 35.421;Virrat;Pirkanmaa;Ympäristöhallinto;;Valtakunnallinen;16.6.2013;16.12.1950;1.2.2026
35312;Nokialta Harjavaltaan;Havaintopaikan tiedot ;SA;Kokemäenjoki, 35.121;Nakkila;Satakunta;Ympäristöhallinto;;Valtakunnallinen;16.6.2013;1.11.1960;1.2.2026
35571;Roine;Havaintopaikan tiedot ;SA;Kokemäenjoki, 35.711;Valkeakoski;Pirkanmaa;Ympäristöhallinto;;Valtakunnallinen;1.4.1980;1.3.1951;1.4.1980
35715;Kauvatsanjoki,Sääksjärvi-L;Havaintopaikan tiedot ;SA;Kokemäenjoki, 35.151;Huittinen;Satakunta;Ympäristöhallinto;;Valtakunnallinen;1.4.1980;1.3.1967;1.4.1980
35723;Lepaa;Havaintopaikan tiedot ;SA;Kokemäenjoki, 35.231;Valkeakoski;Pirkanmaa;Ympäristöhallinto;;Valtakunnallinen;1.4.1980;1.3.1946;1.4.1980
35742;Kahilanjärvi-Luusua;Havaintopaikan tiedot ;SA;Kokemäenjoki, 35.421;Virrat;Pirkanmaa;Ympäristöhallinto;;Valtakunnallinen;1.4.1980;1.3.1967;1.4.1980
35743;Hankaveden Luusua;Havaintopaikan tiedot ;SA;Kokemäenjoki, 35.432;Ähtäri;Etelä-Pohjanmaa;Ympäristöhallinto;;Valtakunnallinen;16.6.2013;1.12.1974;1.2.2026
35748;Pihlajavesi-Pihlajakoski;Havaintopaikan tiedot ;SA;Kokemäenjoki, 35.481;Virrat;Pirkanmaa;Ympäristöhallinto;;Valtakunnallinen;1.4.1980;1.3.1946;1.4.1980
35753;Linnajärvi,Rännärinkoski;Havaintopaikan tiedot ;SA;Kokemäenjoki, 35.531;Ikaalinen;Pirkanmaa;Ympäristöhallinto;;Valtakunnallinen;1.4.1980;1.3.1961;1.4.1980
35782;Puujoki;Havaintopaikan tiedot ;SA;Kokemäenjoki, 35.823;Hausjärvi;Kanta-Häme;Ympäristöhallinto;;Valtakunnallinen;1.4.1980;1.3.1978;1.4.1980
35791;Maurialankoski;Havaintopaikan tiedot ;SA;Kokemäenjoki, 35.911;Huittinen;Satakunta;Ympäristöhallinto;;Valtakunnallinen;16.6.2013;1.3.1946;1.2.2026
35798;Turpoonjoki,Liesjärvi-Luusua;Havaintopaikan tiedot ;SA;Kokemäenjoki, 35.981;Tammela;Kanta-Häme;Ympäristöhallinto;;Valtakunnallinen;1.4.1980;1.3.1963;1.4.1980
35811;Pori;Havaintopaikan tiedot ;SA;Kokemäenjoki, 35.111;Pori;Satakunta;Ympäristöhallinto;;Valtakunnallinen;1.4.1980;1.3.1969;1.4.1980
35812;Harjavalta;Havaintopaikan tiedot ;SA;Kokemäenjoki, 35.121;Nakkila;Satakunta;Ympäristöhallinto;;Valtakunnallinen;16.6.2013;1.3.1946;1.2.2026
35813;Vammaskoski;Havaintopaikan tiedot ;SA;Kokemäenjoki, 35.131;Sastamala;Pirkanmaa;Ympäristöhallinto;;Valtakunnallinen;1.4.1980;1.3.1946;1.4.1980
35821;Pyhäjärvi-Nokia;Havaintopaikan tiedot ;SA;Kokemäenjoki, 35.211;Nokia;Pirkanmaa;Ympäristöhallinto;;Valtakunnallinen;16.6.2013;1.3.1946;1.2.2026
35822;Vanajavesi-Kuokkalankoski;Havaintopaikan tiedot ;SA;Kokemäenjoki, 35.221;Nokia;Pirkanmaa;Ympäristöhallinto;;Valtakunnallinen;16.6.2013;1.3.1946;1.2.2026
35831;Näsijärvi-Tammerkoski;Havaintopaikan tiedot ;SA;Kokemäenjoki, 35.311;Tampere;Pirkanmaa;Ympäristöhallinto;;Valtakunnallinen;16.6.2013;1.3.1946;1.2.2026
35842;Toisvesi-Herraskoski;Havaintopaikan tiedot ;SA;Kokemäenjoki, 35.421;Virrat;Pirkanmaa;Ympäristöhallinto;;Valtakunnallinen;1.4.1980;1.3.1946;1.4.1980
35848;Kitusjärvi,Kituskoski;Havaintopaikan tiedot ;SA;Kokemäenjoki, 35.481;Virrat;Pirkanmaa;Ympäristöhallinto;;Valtakunnallinen;1.4.1980;1.3.1946;1.4.1980
35851;Ikaalisten reitti, Siuronkoski;Havaintopaikan tiedot ;SA;Kokemäenjoki, 35.511;Nokia;Pirkanmaa;Ympäristöhallinto;;Valtakunnallinen;16.6.2013;1.3.1946;1.2.2026
35852;Kyrösjärvi,Kyröskoski;Havaintopaikan tiedot ;SA;Kokemäenjoki, 35.521;Hämeenkyrö;Pirkanmaa;Ympäristöhallinto;;Valtakunnallinen;1.4.1980;1.3.1961;1.4.1980
35853;Parkanonjoki,Karjasillankoski;Havaintopaikan tiedot ;SA;Kokemäenjoki, 35.531;Ikaalinen;Pirkanmaa;Ympäristöhallinto;;Valtakunnallinen;1.4.1980;1.3.1946;1.4.1980
35857;Aurejoki,Poltinkoski;Havaintopaikan tiedot ;SA;Kokemäenjoki, 35.571;Ikaalinen;Pirkanmaa;Ympäristöhallinto;;Valtakunnallinen;1.4.1980;1.3.1946;1.4.1980
35861;Vilppula;Havaintopaikan tiedot ;SA;Kokemäenjoki, 35.611;Mänttä-Vilppula;Pirkanmaa;Ympäristöhallinto;;Valtakunnallinen;16.6.2013;16.12.1950;1.2.2026
35867;Vähämultianjärvi-Kurenkoski;Havaintopaikan tiedot ;SA;Kokemäenjoki, 35.671;Multia;Keski-Suomi;Ympäristöhallinto;;Valtakunnallinen;1.4.1980;1.3.1965;1.4.1980
35871;Valkeakoski;Havaintopaikan tiedot ;SA;Kokemäenjoki, 35.711;Valkeakoski;Pirkanmaa;Ympäristöhallinto;;Valtakunnallinen;16.6.2013;1.3.1946;1.2.2026
35877;Ilmoilanselkä;Havaintopaikan tiedot ;SA;Kokemäenjoki, 35.771;Pälkäne;Pirkanmaa;Ympäristöhallinto;;Valtakunnallinen;1.4.1980;1.3.1946;1.4.1980
35893;Pyhäjärvi-Kuhalankoski;Havaintopaikan tiedot ;SA;Kokemäenjoki, 35.931;Forssa;Kanta-Häme;Ympäristöhallinto;;Valtakunnallinen;16.6.2013;16.1.1951;1.2.2026
36701;Karv.j suuhaarat Et.+Po.+La.;Havaintopaikan tiedot ;SA;Karvianjoki, 36.012;Pori;Satakunta;Ympäristöhallinto;;Valtakunnallinen;16.6.2013;1.3.1967;1.2.2026
36803;Karvianjoki,Vatajankoski;Havaintopaikan tiedot ;SA;Karvianjoki, 36.031;Kankaanpää;Satakunta;Ympäristöhallinto;;Valtakunnallinen;1.4.1980;1.3.1967;1.4.1980
37701;Isojoki,Lappväärtti;Havaintopaikan tiedot ;SA;Lapväärtinjoki (Isojoki), 37.011;Kristiinankaupunki;Pohjanmaa;Ympäristöhallinto;;Valtakunnallinen;1.4.1980;1.3.1969;1.4.1980
42701;Kyrönjoki,Skatila;Havaintopaikan tiedot ;SA;Kyrönjoki, 42.011;Mustasaari;Pohjanmaa;Ympäristöhallinto;;Valtakunnallinen;16.6.2013;1.3.1946;1.2.2026
42702;Kyrönjoki,Hanhikoski;Havaintopaikan tiedot ;SA;Kyrönjoki, 42.021;Isokyrö;Etelä-Pohjanmaa;Ympäristöhallinto;;Valtakunnallinen;1.4.1980;1.3.1961;1.4.1980
42804;Kyrönj. Jalasjoki,Pitkäkoski;Havaintopaikan tiedot ;SA;Kyrönjoki, 42.041;Kurikka;Etelä-Pohjanmaa;Ympäristöhallinto;;Valtakunnallinen;1.4.1980;1.3.1946;1.4.1980
42809;Kyrönj. Kauhajo.-Jyllinkoski;Havaintopaikan tiedot ;SA;Kyrönjoki, 42.091;Teuva;Etelä-Pohjanmaa;Ympäristöhallinto;;Valtakunnallinen;1.4.1980;1.3.1967;1.4.1980
44109;Lapuanjoki,Nurmo;Havaintopaikan tiedot ;SA;Lapuanjoki, 44.091;Lapua;Etelä-Pohjanmaa;Ympäristöhallinto;;Valtakunnallinen;1.4.1980;1.3.1961;1.4.1980
44701;Keppo;Havaintopaikan tiedot ;SA;Perämeren rannikkoalue, 84V017;Uusikaarlepyy;Pohjanmaa;Ympäristöhallinto;;Valtakunnallinen;1.3.1991;1.3.1946;1.3.1991
44802;Lapuanjoki,Pappilankari;Havaintopaikan tiedot ;SA;Lapuanjoki, 44.021;Kauhava;Etelä-Pohjanmaa;Ympäristöhallinto;;Valtakunnallinen;1.4.1980;1.3.1946;1.4.1980
47802;Evijärvi-Luusua;Havaintopaikan tiedot ;SA;Ähtävänjoki, 47.021;Evijärvi;Etelä-Pohjanmaa;Ympäristöhallinto;;Valtakunnallinen;16.6.2013;1.3.1946;1.2.2026
47803;Ähtävänjoki,Lappajärvi-Luusua;Havaintopaikan tiedot ;SA;Ähtävänjoki, 47.031;Lappajärvi;Etelä-Pohjanmaa;Ympäristöhallinto;;Valtakunnallinen;1.3.1991;1.3.1946;1.3.1991
49802;Perhonjoki,Pelonsilta;Havaintopaikan tiedot ;SA;Perhonjoki, 49.021;Kokkola;Keski-Pohjanmaa;Ympäristöhallinto;;Valtakunnallinen;1.4.1980;1.3.1965;1.4.1980
50100;Jatkojoki,Hyyppä;Havaintopaikan tiedot ;SA;Kälviänjoki, 50.001;Kokkola;Keski-Pohjanmaa;Ympäristöhallinto;;Valtakunnallinen;1.4.1980;1.3.1967;1.4.1980
51701;Kannus;Havaintopaikan tiedot ;SA;Lestijoki, 51.011;Kalajoki;Pohjois-Pohjanmaa;Ympäristöhallinto;;Valtakunnallinen;1.4.1980;1.3.1946;1.4.1980
51804;Lestijärvi-Luusua;Havaintopaikan tiedot ;SA;Lestijoki, 51.041;Lestijärvi;Keski-Pohjanmaa;Ympäristöhallinto;;Valtakunnallinen;1.4.1980;1.3.1946;1.4.1980
53703;Kalajoki,Raudaskoski;Havaintopaikan tiedot ;SA;Kalajoki, 53.031;Ylivieska;Pohjois-Pohjanmaa;Ympäristöhallinto;;Valtakunnallinen;1.4.1980;1.3.1961;1.4.1980
53704;Kalajoki,Haapajärvi-Luusua;Havaintopaikan tiedot ;SA;Kalajoki, 53.041;Nivala;Pohjois-Pohjanmaa;Ympäristöhallinto;;Valtakunnallinen;1.4.1980;1.3.1946;1.4.1980
53801;Kalajoki+Siipojoki;Havaintopaikan tiedot ;SA;Kalajoki, 53.01;Kalajoki;Pohjois-Pohjanmaa;Ympäristöhallinto;;Valtakunnallinen;1.5.1980;1.3.1951;1.5.1980
53802;Kalajoki,Hihnalankoski;Havaintopaikan tiedot ;SA;Kalajoki, 53.021;Kalajoki;Pohjois-Pohjanmaa;Ympäristöhallinto;;Valtakunnallinen;16.6.2013;1.3.1946;1.2.2026
54701;Naapurinkallio;Havaintopaikan tiedot ;SA;Pyhäjoki, 54.011;Pyhäjoki;Pohjois-Pohjanmaa;Ympäristöhallinto;;Valtakunnallinen;1.4.1980;1.3.1963;1.4.1980
54704;Pyhäjoki,Venetpalo;Havaintopaikan tiedot ;SA;Pyhäjoki, 54.041;Kärsämäki;Pohjois-Pohjanmaa;Ympäristöhallinto;;Valtakunnallinen;1.4.1980;1.3.1965;1.4.1980
54801;Hourunkoski;Havaintopaikan tiedot ;SA;Pyhäjoki, 54.011;Pyhäjoki;Pohjois-Pohjanmaa;Ympäristöhallinto;;Valtakunnallinen;1.4.1980;1.3.1946;1.4.1980
54803;Haapavesi-Haapakoski;Havaintopaikan tiedot ;SA;Pyhäjoki, 54.031;Haapavesi;Pohjois-Pohjanmaa;Ympäristöhallinto;;Valtakunnallinen;1.4.1980;1.3.1946;1.4.1980
57106;Lamujoki;Havaintopaikan tiedot ;SA;Siikajoki, 57.061;Siikalatva;Pohjois-Pohjanmaa;Ympäristöhallinto;;Valtakunnallinen;1.4.1980;1.3.1978;1.4.1980
57502;Uljua;Havaintopaikan tiedot ;SA;Siikajoki, 57.023;Siikalatva;Pohjois-Pohjanmaa;Ympäristöhallinto;;Valtakunnallinen;16.6.2013;16.11.1971;1.2.2026
57701;Harjuniva;Havaintopaikan tiedot ;SA;Siikajoki, 57.011;Siikajoki;Pohjois-Pohjanmaa;Ympäristöhallinto;;Valtakunnallinen;1.4.1980;1.3.1961;1.4.1980
57702;Siikajoki,Heikkilänkoski;Havaintopaikan tiedot ;SA;Siikajoki, 57.021;Siikalatva;Pohjois-Pohjanmaa;Ympäristöhallinto;;Valtakunnallinen;16.6.2013;16.2.1954;1.2.2026
57801;Siikajoki,Länkelä;Havaintopaikan tiedot ;SA;Siikajoki, 57.012;Siikajoki;Pohjois-Pohjanmaa;Ympäristöhallinto;;Valtakunnallinen;16.6.2013;1.3.1951;1.2.2026
59193;Änättijärvi-Änättikoski;Havaintopaikan tiedot ;SA;Oulujoki, 59.931;Kuhmo;Kainuu;Ympäristöhallinto;;Valtakunnallinen;1.4.1980;1.3.1946;1.4.1980
59211;Oulujärvi+Oulujoki Yht.Alue;Havaintopaikan tiedot ;SA;Perämeren rannikkoalue, 84V110;Oulu;Pohjois-Pohjanmaa;Ympäristöhallinto;;Valtakunnallinen;1.3.1991;16.10.1960;1.3.1991
59311;Oulujoki, Jokivarsi;Havaintopaikan tiedot ;SA;Oulujoki, 59.111;Oulu;Pohjois-Pohjanmaa;Ympäristöhallinto;;Valtakunnallinen;16.6.2013;16.1.1951;1.2.2026
59331;Oulujärvi;Havaintopaikan tiedot ;SA;Oulujoki, 59.311;Vaala;Pohjois-Pohjanmaa;Ympäristöhallinto;;Valtakunnallinen;16.6.2013;16.12.1950;1.2.2026
59381;Sotkamon r.,Nuas-Ontojärvi;Havaintopaikan tiedot ;SA;Oulujoki, 59.811;Kajaani;Kainuu;Ympäristöhallinto;;Valtakunnallinen;16.6.2013;16.11.1952;1.2.2026
59541;Emäjoki;Havaintopaikan tiedot ;SA;Oulujoki, 59.411;Paltamo;Kainuu;Ympäristöhallinto;;Valtakunnallinen;16.6.2013;16.11.1952;1.2.2026
59742;Hyrynjärvi-Kokkokorva;Havaintopaikan tiedot ;SA;Oulujoki, 59.421;Ristijärvi;Kainuu;Ympäristöhallinto;;Valtakunnallinen;1.4.1980;1.3.1946;1.4.1980
59752;Hyrynsalm.Reit. Yläjoki,Hossa;Havaintopaikan tiedot ;SA;Oulujoki, 59.522;Suomussalmi;Kainuu;Ympäristöhallinto;;Valtakunnallinen;1.4.1980;1.3.1963;1.4.1980
59761;Vuokkijärvi-Niipas;Havaintopaikan tiedot ;SA;Oulujoki, 59.611;Suomussalmi;Kainuu;Ympäristöhallinto;;Valtakunnallinen;1.4.1980;1.3.1946;1.4.1980
59771;Koirakoski;Havaintopaikan tiedot ;SA;Oulujoki, 59.711;Hyrynsalmi;Kainuu;Ympäristöhallinto;;Valtakunnallinen;1.4.1980;1.3.1963;1.4.1980
59791;Lammasjärvi-Luusua;Havaintopaikan tiedot ;SA;Oulujoki, 59.911;Kuhmo;Kainuu;Ympäristöhallinto;;Valtakunnallinen;1.4.1980;1.3.1946;1.4.1980
59794;Kellojärvi-Murtosalmi;Havaintopaikan tiedot ;SA;Oulujoki, 59.941;Kuhmo;Kainuu;Ympäristöhallinto;;Valtakunnallinen;1.4.1980;1.3.1946;1.4.1980
59811;Merikoski;Havaintopaikan tiedot ;SA;Oulujoki, 59.111;Oulu;Pohjois-Pohjanmaa;Ympäristöhallinto;;Valtakunnallinen;16.6.2013;16.12.1950;1.2.2026
59831;Oulujärvi-Vaala;Havaintopaikan tiedot ;SA;Oulujoki, 59.311;Vaala;Pohjois-Pohjanmaa;Ympäristöhallinto;;Valtakunnallinen;16.6.2013;1.3.1946;1.2.2026
59835;Kivesjärvi-Luusua;Havaintopaikan tiedot ;SA;Oulujoki, 59.351;Paltamo;Kainuu;Ympäristöhallinto;;Valtakunnallinen;1.4.1980;1.3.1946;1.4.1980
59841;Leppikoski,Kiehimä;Havaintopaikan tiedot ;SA;Oulujoki, 59.411;Paltamo;Kainuu;Ympäristöhallinto;;Valtakunnallinen;16.6.2013;1.3.1946;1.2.2026
59848;Pyhäntä;Havaintopaikan tiedot ;SA;Oulujoki, 59.481;Ristijärvi;Kainuu;Ympäristöhallinto;;Valtakunnallinen;16.6.2013;16.1.1960;1.2.2026
59851;Kiantajärvi-Pysty;Havaintopaikan tiedot ;SA;Oulujoki, 59.511;Suomussalmi;Kainuu;Ympäristöhallinto;;Valtakunnallinen;16.6.2013;1.3.1946;1.2.2026
59881;Rehjänselkä-Kajaani;Havaintopaikan tiedot ;SA;Oulujoki, 59.811;Kajaani;Kainuu;Ympäristöhallinto;;Valtakunnallinen;16.6.2013;1.3.1946;1.2.2026
59891;Ontojärvi-Luusua;Havaintopaikan tiedot ;SA;Oulujoki, 59.911;Kuhmo;Kainuu;Ympäristöhallinto;;Valtakunnallinen;16.6.2013;1.3.1946;1.2.2026
59892;Lentua-Luusua;Havaintopaikan tiedot ;SA;Oulujoki, 59.921;Kuhmo;Kainuu;Ympäristöhallinto;;Valtakunnallinen;1.4.1980;1.3.1946;1.4.1980
60801;Haukipudas;Havaintopaikan tiedot ;SA;Kiiminginjoki, 60.011;Oulu;Pohjois-Pohjanmaa;Ympäristöhallinto;;Valtakunnallinen;1.3.1991;1.3.1946;1.3.1991
60803;Kiiminkij. Torniontalo;Havaintopaikan tiedot ;SA;Kiiminginjoki, 60.031;Oulu;Pohjois-Pohjanmaa;Ympäristöhallinto;;Valtakunnallinen;1.4.1980;1.3.1965;1.4.1980
60806;Nuorittajoki,Perttunen;Havaintopaikan tiedot ;SA;Kiiminginjoki, 60.061;Oulu;Pohjois-Pohjanmaa;Ympäristöhallinto;;Valtakunnallinen;1.4.1980;1.3.1967;1.4.1980
61711;Iijoki,Yli-Ii;Havaintopaikan tiedot ;SA;Iijoki, 61.111;Ii;Pohjois-Pohjanmaa;Ympäristöhallinto;;Valtakunnallinen;1.4.1980;1.3.1961;1.4.1980
61712;Iijoki,Pahkakoski;Havaintopaikan tiedot ;SA;Iijoki, 61.121;Oulu;Pohjois-Pohjanmaa;Ympäristöhallinto;;Valtakunnallinen;1.4.1980;1.3.1961;1.4.1980
61731;Jokijärvi,Niskakoski;Havaintopaikan tiedot ;SA;Iijoki, 61.311;Taivalkoski;Pohjois-Pohjanmaa;Ympäristöhallinto;;Valtakunnallinen;16.6.2013;1.3.1963;1.2.2026
61751;Livojoki,Hanhikoski;Havaintopaikan tiedot ;SA;Iijoki, 61.511;Pudasjärvi;Pohjois-Pohjanmaa;Ympäristöhallinto;;Valtakunnallinen;1.4.1980;1.3.1946;1.4.1980
61761;Koitijärvi;Havaintopaikan tiedot ;SA;Iijoki, 61.611;Taivalkoski;Pohjois-Pohjanmaa;Ympäristöhallinto;;Valtakunnallinen;16.6.2013;1.3.1961;1.2.2026
61771;Jaurakkajärvi-Luusua;Havaintopaikan tiedot ;SA;Iijoki, 61.711;Pudasjärvi;Pohjois-Pohjanmaa;Ympäristöhallinto;;Valtakunnallinen;16.6.2013;1.3.1956;1.2.2026
61772;Korpijoki,Suolijärvi-Luusua;Havaintopaikan tiedot ;SA;Iijoki, 61.721;Pudasjärvi;Pohjois-Pohjanmaa;Ympäristöhallinto;;Valtakunnallinen;1.4.1980;1.3.1946;1.4.1980
61811;Raasakka;Havaintopaikan tiedot ;SA;Iijoki, 61.111;Ii;Pohjois-Pohjanmaa;Ympäristöhallinto;;Valtakunnallinen;16.6.2013;1.3.1946;1.2.2026
61813;Kipinä;Havaintopaikan tiedot ;SA;Iijoki, 61.131;Pudasjärvi;Pohjois-Pohjanmaa;Ympäristöhallinto;;Valtakunnallinen;16.6.2013;16.2.1954;1.2.2026
61821;Kurenalus;Havaintopaikan tiedot ;SA;Iijoki, 61.211;Pudasjärvi;Pohjois-Pohjanmaa;Ympäristöhallinto;;Valtakunnallinen;1.4.1980;1.3.1956;1.4.1980
61823;Väätäjänsuvanto;Havaintopaikan tiedot ;SA;Iijoki, 61.231;Taivalkoski;Pohjois-Pohjanmaa;Ympäristöhallinto;;Valtakunnallinen;1.4.1980;1.3.1961;1.4.1980
61841;Siuruanjoki,Leuankoski;Havaintopaikan tiedot ;SA;Iijoki, 61.411;Oulu;Pohjois-Pohjanmaa;Ympäristöhallinto;;Valtakunnallinen;1.4.1980;1.3.1946;1.4.1980
63701;Kuivajoki;Havaintopaikan tiedot ;SA;Kuivajoki, 63.011;Ii;Pohjois-Pohjanmaa;Ympäristöhallinto;;Valtakunnallinen;1.4.1980;1.3.1946;1.4.1980
64801;Simojoki,Simo;Havaintopaikan tiedot ;SA;Simojoki, 64.011;Simo;Lappi;Ympäristöhallinto;;Valtakunnallinen;1.3.1991;1.3.1946;1.3.1991
64803;Simojoki,Hosionkoski;Havaintopaikan tiedot ;SA;Simojoki, 64.031;Ranua;Lappi;Ympäristöhallinto;;Valtakunnallinen;1.4.1980;1.3.1965;1.4.1980
65051;Sinettäjärvi-Luusua;Havaintopaikan tiedot ;SA;Kemijoki, 65.513;Rovaniemi;Lappi;Ympäristöhallinto;;Valtakunnallinen;16.6.2013;1.3.1965;1.2.2026
65159;Meltauskoski,Suukoski;Havaintopaikan tiedot ;SA;Kemijoki, 65.591;Ii;Pohjois-Pohjanmaa;Ympäristöhallinto;;Valtakunnallinen;1.4.1980;1.3.1946;1.4.1980
65163;Ounasjoki,Ounasjärvi-Luusua;Havaintopaikan tiedot ;SA;Kemijoki, 65.631;Enontekiö;Lappi;Ympäristöhallinto;;Valtakunnallinen;1.4.1980;1.3.1963;1.4.1980
65186;Kitinen,Sattasjoki;Havaintopaikan tiedot ;SA;Kemijoki, 65.861;Sodankylä;Lappi;Ympäristöhallinto;;Valtakunnallinen;1.4.1980;1.3.1978;1.4.1980
65211;Raudanjoki ym + suuosa;Havaintopaikan tiedot ;SA;Kemijoki, 65.111;Keminmaa;Lappi;Ympäristöhallinto;;Valtakunnallinen;16.6.2013;16.10.1960;1.2.2026
65239;Jumiskonjoki.Jumisko;Havaintopaikan tiedot ;SA;Kemijoki, 65.391;Posio;Lappi;Ympäristöhallinto;;Valtakunnallinen;16.6.2013;1.3.1946;1.2.2026
65311;Jokivarsi,suuosa;Havaintopaikan tiedot ;SA;Kemijoki, 65.111;Kemi;Lappi;Ympäristöhallinto;;Valtakunnallinen;16.6.2013;16.1.1960;1.2.2026
65321;Raudanjoki+lisäalueet;Havaintopaikan tiedot ;SA;Kemijoki, 65.211;Rovaniemi;Lappi;Ympäristöhallinto;;Valtakunnallinen;16.6.2013;16.1.1960;1.2.2026
65331;Kemijärvi;Havaintopaikan tiedot ;SA;Kemijoki, 65.311;Kemijärvi;Lappi;Ympäristöhallinto;;Valtakunnallinen;16.6.2013;16.1.1960;1.2.2026
65551;Ounasjoen Alapuoli;Havaintopaikan tiedot ;SA;Kemijoki, 65.511;Rovaniemi;Lappi;Ympäristöhallinto;;Valtakunnallinen;16.6.2013;16.1.1960;1.2.2026
65652;Ounasjoki,Maijakallio;Havaintopaikan tiedot ;SA;Kemijoki, 65.521;Rovaniemi;Lappi;Ympäristöhallinto;;Valtakunnallinen;1.4.1980;1.3.1946;1.4.1980
65713;Kemijoki,Valajaskoski;Havaintopaikan tiedot ;SA;Kemijoki, 65.132;Rovaniemi;Lappi;Ympäristöhallinto;;Valtakunnallinen;16.6.2013;1.3.1946;1.2.2026
65733;Kemijoki,Pelkosenniemi;Havaintopaikan tiedot ;SA;Kemijoki, 65.331;Kemijärvi;Lappi;Ympäristöhallinto;;Valtakunnallinen;16.6.2013;1.3.1946;1.2.2026
65741;Kemihaara,Kummaniva;Havaintopaikan tiedot ;SA;Kemijoki, 65.412;Pelkosenniemi;Lappi;Ympäristöhallinto;;Valtakunnallinen;16.6.2013;16.1.1960;1.2.2026
65761;Ounasjoki,Köngäs;Havaintopaikan tiedot ;SA;Kemijoki, 65.611;Kittilä;Lappi;Ympäristöhallinto;;Valtakunnallinen;1.4.1980;1.3.1946;1.4.1980
65811;Kemijoki,Isohaara;Havaintopaikan tiedot ;SA;Kemijoki, 65.111;Keminmaa;Lappi;Ympäristöhallinto;;Valtakunnallinen;16.6.2013;1.3.1946;1.2.2026
65821;Kemijoki ennen Ounasjokea;Havaintopaikan tiedot ;SA;Kemijoki, 65.211;Rovaniemi;Lappi;Ympäristöhallinto;;Valtakunnallinen;16.6.2013;16.1.1960;1.2.2026
65831;Seitakorva;Havaintopaikan tiedot ;SA;Kemijoki, 65.311;Kemijärvi;Lappi;Ympäristöhallinto;;Valtakunnallinen;16.6.2013;1.3.1946;1.2.2026
65842;Kemijoki,Savukoski;Havaintopaikan tiedot ;SA;Kemijoki, 65.421;Savukoski;Lappi;Ympäristöhallinto;;Valtakunnallinen;1.4.1980;1.3.1946;1.4.1980
65846;Teniöjoki,Savukoski;Havaintopaikan tiedot ;SA;Kemijoki, 65.461;Savukoski;Lappi;Ympäristöhallinto;;Valtakunnallinen;1.4.1980;1.3.1946;1.4.1980
65851;Ounasjoki;Havaintopaikan tiedot ;SA;Kemijoki, 65.511;Rovaniemi;Lappi;Ympäristöhallinto;;Valtakunnallinen;16.6.2013;1.3.1946;1.2.2026
65854;Kaukonen;Havaintopaikan tiedot ;SA;Kemijoki, 65.541;Kittilä;Lappi;Ympäristöhallinto;;Valtakunnallinen;1.4.1980;1.3.1961;1.4.1980
65861;Ounasjoen Yläpuoli;Havaintopaikan tiedot ;SA;Kemijoki, 65.612;Sodankylä;Lappi;Ympäristöhallinto;;Valtakunnallinen;16.6.2013;16.1.1960;1.2.2026
65871;Raudanjoki;Havaintopaikan tiedot ;SA;Kemijoki, 65.711;Rovaniemi;Lappi;Ympäristöhallinto;;Valtakunnallinen;1.4.1980;1.3.1946;1.4.1980
65881;Kitinen;Havaintopaikan tiedot ;SA;Kemijoki, 65.811;Pelkosenniemi;Lappi;Ympäristöhallinto;;Valtakunnallinen;16.6.2013;1.3.1946;1.2.2026
65883;Kitinen,Porttipahta;Havaintopaikan tiedot ;SA;Kemijoki, 65.831;Sodankylä;Lappi;Ympäristöhallinto;;Valtakunnallinen;16.6.2013;16.11.1972;1.2.2026
65891;Luiro;Havaintopaikan tiedot ;SA;Kemijoki, 65.911;Pelkosenniemi;Lappi;Ympäristöhallinto;;Valtakunnallinen;16.6.2013;1.3.1946;1.2.2026
65893;Luirojoki,Lokka;Havaintopaikan tiedot ;SA;Kemijoki, 65.931;Sodankylä;Lappi;Ympäristöhallinto;;Valtakunnallinen;16.6.2013;1.3.1971;1.2.2026
65922;Kaihua;Havaintopaikan tiedot ;SA;Kemijoki, 65.22;Rovaniemi;Lappi;Ympäristöhallinto;;Valtakunnallinen;16.6.2013;16.2.1974;1.2.2026
65983;Lokka+Porttipahta;Havaintopaikan tiedot ;SA;Kemijoki, 65.831;Sodankylä;Lappi;Ympäristöhallinto;;Valtakunnallinen;16.6.2013;16.11.1972;1.2.2026
67096;Raanujärvi;Havaintopaikan tiedot ;SA;Tornionjoki, 67.962;Ylitornio;Lappi;Ympäristöhallinto;;Valtakunnallinen;16.6.2013;16.1.1960;1.2.2026
67137;Ylläsjoki,Rimpeli;Havaintopaikan tiedot ;SA;Tornionjoki, 67.371;Kolari;Lappi;Ympäristöhallinto;;Valtakunnallinen;1.4.1980;1.3.1967;1.4.1980
67496;Vietosen oma alue;Havaintopaikan tiedot ;SA;Tornionjoki, 67.961;Pello;Lappi;Ympäristöhallinto;;Valtakunnallinen;16.6.2013;1.12.1990;1.2.2026
67891;Tengeljoki,Portimojärvi;Havaintopaikan tiedot ;SA;Tornionjoki, 67.912;Ylitornio;Lappi;Ympäristöhallinto;;Valtakunnallinen;16.6.2013;1.3.1961;1.2.2026
67896;Vietonen;Havaintopaikan tiedot ;SA;Tornionjoki, 67.961;Pello;Lappi;Ympäristöhallinto;;Valtakunnallinen;16.6.2013;16.1.1960;1.2.2026
68707;Utsjoki,Patoniva;Havaintopaikan tiedot ;SA;Teno, 68.071;Utsjoki;Lappi;Ympäristöhallinto;;Valtakunnallinen;1.4.1980;1.3.1963;1.4.1980
71411;Inarin lähialueet;Havaintopaikan tiedot ;SA;Paatsjoki, 71.111;Inari;Lappi;Ympäristöhallinto;;Valtakunnallinen;16.6.2013;16.11.1952;1.2.2026
71721;Juutuanjoki,Saukkoniva;Havaintopaikan tiedot ;SA;Paatsjoki, 71.211;Inari;Lappi;Ympäristöhallinto;;Valtakunnallinen;16.6.2013;1.3.1946;1.2.2026
71811;Inari-Luusua;Havaintopaikan tiedot ;SA;Paatsjoki, 71.111;Inari;Lappi;Ympäristöhallinto;;Valtakunnallinen;16.6.2013;1.3.1946;1.2.2026
71824;Kettujoki,Kettukoski;Havaintopaikan tiedot ;SA;Paatsjoki, 71.241;Inari;Lappi;Ympäristöhallinto;;Valtakunnallinen;1.4.1980;1.3.1961;1.4.1980
71842;Ivalojoki,Pajakoski;Havaintopaikan tiedot ;SA;Paatsjoki, 71.421;Inari;Lappi;Ympäristöhallinto;;Valtakunnallinen;16.6.2013;16.11.1952;1.2.2026
73004;Kuusinkijoki-Myllykoski;Havaintopaikan tiedot ;SA;Koutajoki, 73.041;Kuusamo;Pohjois-Pohjanmaa;Ympäristöhallinto;;Valtakunnallinen;16.12.1990;1.3.1946;16.12.1990
73801;Oulankajoki,Kiutaköngäs;Havaintopaikan tiedot ;SA;Koutajoki, 73.011;Kuusamo;Pohjois-Pohjanmaa;Ympäristöhallinto;;Valtakunnallinen;16.5.1992;1.3.1946;16.5.1992
73802;Kitkajoki,Käylä;Havaintopaikan tiedot ;SA;Koutajoki, 73.021;Kuusamo;Pohjois-Pohjanmaa;Ympäristöhallinto;;Valtakunnallinen;16.5.1992;1.3.1946;16.5.1992
74802;Muojärvi,Piiksijoki;Havaintopaikan tiedot ;SA;Vienan Kemi, 74.021;Kuusamo;Pohjois-Pohjanmaa;Ympäristöhallinto;;Valtakunnallinen;16.6.2013;1.3.1946;1.2.2026
